Pitch,Voiced/Unvoiced
0.0,0
0.0,0
0.0,0
0.0,0
0.0,0
0.0,0
0.0,0
0.0,0
0.0,0
0.0,0
0.0,0
0.0,0
0.0,0
0.0,0
0.0,0
0.0,0
0.0,0
0.0,0
0.0,0
0.0,0
0.0,0
0.0,0
0.0,0
0.0,0
0.0,0
0.0,0
0.0,0
0.0,0
0.0,0
0.0,0
0.0,0
0.0,0
0.0,0
0.0,0
0.0,0
0.0,0
0.0,0
0.0,0
0.0,0
0.0,0
0.0,0
0.0,0
0.0,0
0.0,0
0.0,0
0.0,0
0.0,0
0.0,0
0.0,0
0.0,0
0.0,0
0.0,0
0.0,0
0.0,0
0.0,0
0.0,0
0.0,0
0.0,0
0.0,0
0.0,0
0.0,0
0.0,0
0.0,0
0.0,0
0.0,0
0.0,0
0.0,0
0.0,0
0.0,0
0.0,0
0.0,0
0.0,0
0.0,0
0.0,0
0.0,0
0.0,0
0.0,0
0.0,0
0.0,0
0.0,0
0.0,0
0.0,0
0.0,0
0.0,0
0.0,0
0.0,0
0.0,0
0.0,0
0.0,0
0.0,0
0.0,0
0.0,0
0.0,0
0.0,0
222.22,1
0.0,0
0.0,0
0.0,0
0.0,0
0.0,0
0.0,0
0.0,0
0.0,0
0.0,0
0.0,0
0.0,0
0.0,0
0.0,0
0.0,0
0.0,0
0.0,0
0.0,0
0.0,0
0.0,0
0.0,0
0.0,0
0.0,0
0.0,0
0.0,0
0.0,0
0.0,0
0.0,0
0.0,0
0.0,0
0.0,0
0.0,0
0.0,0
0.0,0
0.0,0
0.0,0
0.0,0
0.0,0
0.0,0
0.0,0
0.0,0
0.0,0
0.0,0
0.0,0
0.0,0
0.0,0
0.0,0
0.0,0
0.0,0
0.0,0
0.0,0
0.0,0
0.0,0
0.0,0
0.0,0
0.0,0
0.0,0
0.0,0
0.0,0
0.0,0
0.0,0
0.0,0
0.0,0
0.0,0
0.0,0
0.0,0
0.0,0
0.0,0
0.0,0
0.0,0
0.0,0
0.0,0
0.0,0
0.0,0
0.0,0
0.0,0
0.0,0
0.0,0
0.0,0
0.0,0
0.0,0
0.0,0
0.0,0
0.0,0
0.0,0
0.0,0
0.0,0
0.0,0
0.0,0
0.0,0
0.0,0
0.0,0
0.0,0
0.0,0
0.0,0
0.0,0
0.0,0
0.0,0
0.0,0
0.0,0
0.0,0
0.0,0
0.0,0
0.0,0
0.0,0
0.0,0
0.0,0
0.0,0
0.0,0
0.0,0
0.0,0
0.0,0
0.0,0
0.0,0
0.0,0
0.0,0
0.0,0
0.0,0
0.0,0
0.0,0
0.0,0
0.0,0
0.0,0
0.0,0
0.0,0
0.0,0
0.0,0
0.0,0
0.0,0
0.0,0
285.71,1
285.71,1
266.67,1
285.71,1
307.69,1
285.71,1
285.71,1
307.69,1
307.69,1
307.69,1
285.71,1
285.71,1
266.67,1
307.69,1
0.0,0
500.0,1
333.33,1
0.0,0
0.0,0
0.0,0
0.0,0
0.0,0
0.0,0
0.0,0
0.0,0
0.0,0
0.0,0
0.0,0
0.0,0
0.0,0
0.0,0
0.0,0
0.0,0
0.0,0
0.0,0
0.0,0
0.0,0
0.0,0
0.0,0
0.0,0
0.0,0
0.0,0
0.0,0
0.0,0
0.0,0
0.0,0
0.0,0
0.0,0
285.71,1
250.0,1
210.53,1
200.0,1
200.0,1
222.22,1
190.48,1
285.71,1
285.71,1
0.0,0
307.69,1
285.71,1
0.0,0
0.0,0
0.0,0
0.0,0
0.0,0
0.0,0
0.0,0
0.0,0
0.0,0
0.0,0
0.0,0
0.0,0
0.0,0
0.0,0
0.0,0
0.0,0
0.0,0
0.0,0
0.0,0
0.0,0
0.0,0
0.0,0
0.0,0
0.0,0
0.0,0
0.0,0
0.0,0
200.0,1
190.48,1
200.0,1
200.0,1
190.48,1
190.48,1
200.0,1
190.48,1
173.91,1
0.0,0
0.0,0
0.0,0
0.0,0
0.0,0
0.0,0
0.0,0
0.0,0
0.0,0
0.0,0
0.0,0
0.0,0
0.0,0
0.0,0
0.0,0
0.0,0
0.0,0
0.0,0
0.0,0
0.0,0
0.0,0
0.0,0
0.0,0
0.0,0
0.0,0
0.0,0
0.0,0
0.0,0
0.0,0
0.0,0
0.0,0
0.0,0
0.0,0
0.0,0
0.0,0
0.0,0
0.0,0
0.0,0
0.0,0
0.0,0
0.0,0
0.0,0
0.0,0
0.0,0
0.0,0
0.0,0
0.0,0
0.0,0
0.0,0
0.0,0
0.0,0
0.0,0
0.0,0
0.0,0
0.0,0
0.0,0
0.0,0
0.0,0
0.0,0
0.0,0
0.0,0
0.0,0
0.0,0
0.0,0
0.0,0
0.0,0
0.0,0
0.0,0
0.0,0
0.0,0
0.0,0
0.0,0
0.0,0
0.0,0
0.0,0
0.0,0
0.0,0
0.0,0
0.0,0
0.0,0
0.0,0
0.0,0
0.0,0
0.0,0
0.0,0
0.0,0
0.0,0
0.0,0
0.0,0
0.0,0
0.0,0
0.0,0
0.0,0
0.0,0
0.0,0
190.48,1
200.0,1
190.48,1
190.48,1
0.0,0
0.0,0
0.0,0
0.0,0
0.0,0
0.0,0
0.0,0
0.0,0
0.0,0
0.0,0
0.0,0
0.0,0
0.0,0
0.0,0
0.0,0
0.0,0
0.0,0
0.0,0
0.0,0
0.0,0
0.0,0
0.0,0
0.0,0
0.0,0
0.0,0
0.0,0
0.0,0
0.0,0
0.0,0
0.0,0
0.0,0
0.0,0
0.0,0
0.0,0
0.0,0
190.48,1
190.48,1
181.82,1
0.0,0
0.0,0
0.0,0
0.0,0
0.0,0
0.0,0
0.0,0
0.0,0
0.0,0
0.0,0
0.0,0
0.0,0
0.0,0
0.0,0
0.0,0
0.0,0
0.0,0
0.0,0
0.0,0
0.0,0
0.0,0
0.0,0
0.0,0
0.0,0
0.0,0
0.0,0
0.0,0
0.0,0
0.0,0
0.0,0
0.0,0
0.0,0
0.0,0
0.0,0
0.0,0
0.0,0
0.0,0
0.0,0
0.0,0
0.0,0
0.0,0
0.0,0
0.0,0
0.0,0
235.29,1
0.0,0
0.0,0
0.0,0
0.0,0
0.0,0
0.0,0
0.0,0
0.0,0
0.0,0
0.0,0
0.0,0
0.0,0
0.0,0
0.0,0
0.0,0
0.0,0
0.0,0
0.0,0
0.0,0
0.0,0
0.0,0
0.0,0
0.0,0
0.0,0
0.0,0
0.0,0
0.0,0
0.0,0
0.0,0
0.0,0
0.0,0
0.0,0
0.0,0
0.0,0
0.0,0
0.0,0
0.0,0
0.0,0
0.0,0
0.0,0
0.0,0
0.0,0
0.0,0
0.0,0
0.0,0
0.0,0
0.0,0
0.0,0
0.0,0
0.0,0
0.0,0
0.0,0
0.0,0
0.0,0
0.0,0
0.0,0
0.0,0
0.0,0
0.0,0
0.0,0
0.0,0
0.0,0
0.0,0
0.0,0
0.0,0
0.0,0
0.0,0
0.0,0
0.0,0
0.0,0
0.0,0
0.0,0
0.0,0
0.0,0
0.0,0
0.0,0
0.0,0
0.0,0
0.0,0
0.0,0
0.0,0
0.0,0
0.0,0
0.0,0
0.0,0
0.0,0
0.0,0
0.0,0
0.0,0
0.0,0
0.0,0
0.0,0
0.0,0
0.0,0
0.0,0
0.0,0
0.0,0
0.0,0
0.0,0
0.0,0
0.0,0
0.0,0
0.0,0
0.0,0
0.0,0
0.0,0
0.0,0
0.0,0
0.0,0
0.0,0
0.0,0
0.0,0
0.0,0
0.0,0
0.0,0
0.0,0
0.0,0
0.0,0
0.0,0
0.0,0
0.0,0
0.0,0
0.0,0
0.0,0
0.0,0
0.0,0
0.0,0
0.0,0
0.0,0
0.0,0
0.0,0
0.0,0
0.0,0
0.0,0
0.0,0
0.0,0
0.0,0
0.0,0
0.0,0
0.0,0
0.0,0
0.0,0
0.0,0
0.0,0
0.0,0
0.0,0
0.0,0
0.0,0
0.0,0
0.0,0
0.0,0
0.0,0
0.0,0
0.0,0
0.0,0
0.0,0
0.0,0
0.0,0
0.0,0
0.0,0
0.0,0
0.0,0
0.0,0
0.0,0
0.0,0
0.0,0
0.0,0
0.0,0
0.0,0
0.0,0
0.0,0
0.0,0
0.0,0
0.0,0
0.0,0
0.0,0
0.0,0
0.0,0
0.0,0
0.0,0
0.0,0
0.0,0
0.0,0
0.0,0
0.0,0
0.0,0
0.0,0
0.0,0
0.0,0
0.0,0
0.0,0
0.0,0
0.0,0
0.0,0
0.0,0
0.0,0
0.0,0
0.0,0
0.0,0
0.0,0
0.0,0
0.0,0
0.0,0
0.0,0
0.0,0
0.0,0
0.0,0
0.0,0
0.0,0
0.0,0
0.0,0
0.0,0
0.0,0
0.0,0
0.0,0
0.0,0
0.0,0
0.0,0
0.0,0
0.0,0
0.0,0
0.0,0
0.0,0
0.0,0
0.0,0
0.0,0
0.0,0
0.0,0
0.0,0
0.0,0
0.0,0
0.0,0
0.0,0
0.0,0
0.0,0
0.0,0
0.0,0
0.0,0
0.0,0
0.0,0
0.0,0
0.0,0
0.0,0
0.0,0
0.0,0
0.0,0
0.0,0
0.0,0
0.0,0
0.0,0
0.0,0
0.0,0
0.0,0
0.0,0
0.0,0
0.0,0
0.0,0
0.0,0
0.0,0
0.0,0
0.0,0
0.0,0
0.0,0
0.0,0
0.0,0
0.0,0
0.0,0
0.0,0
0.0,0
0.0,0
0.0,0
0.0,0
0.0,0
0.0,0
0.0,0
0.0,0
0.0,0
0.0,0
0.0,0
0.0,0
0.0,0
0.0,0
0.0,0
0.0,0
0.0,0
0.0,0
0.0,0
0.0,0
0.0,0
0.0,0
0.0,0
0.0,0
0.0,0
0.0,0
0.0,0
0.0,0
0.0,0
0.0,0
0.0,0
0.0,0
0.0,0
0.0,0
0.0,0
0.0,0
0.0,0
0.0,0
0.0,0
0.0,0
0.0,0
0.0,0
0.0,0
0.0,0
0.0,0
0.0,0
0.0,0
0.0,0
0.0,0
0.0,0
0.0,0
0.0,0
0.0,0
0.0,0
0.0,0
0.0,0
0.0,0
0.0,0
0.0,0
0.0,0
0.0,0
0.0,0
0.0,0
0.0,0
0.0,0
0.0,0
0.0,0
0.0,0
0.0,0
0.0,0
0.0,0
0.0,0
0.0,0
0.0,0
0.0,0
0.0,0
0.0,0
0.0,0
0.0,0
0.0,0
0.0,0
0.0,0
0.0,0
0.0,0
0.0,0
0.0,0
0.0,0
0.0,0
0.0,0
0.0,0
0.0,0
0.0,0
0.0,0
0.0,0
0.0,0
0.0,0
0.0,0
0.0,0
0.0,0
0.0,0
0.0,0
0.0,0
0.0,0
0.0,0
0.0,0
0.0,0
0.0,0
0.0,0
0.0,0
0.0,0
0.0,0
0.0,0
0.0,0
0.0,0
0.0,0
0.0,0
0.0,0
0.0,0
0.0,0
0.0,0
0.0,0
0.0,0
0.0,0
0.0,0
0.0,0
0.0,0
0.0,0
0.0,0
0.0,0
0.0,0
0.0,0
0.0,0
0.0,0
0.0,0
0.0,0
0.0,0
0.0,0
0.0,0
0.0,0
0.0,0
0.0,0
0.0,0
0.0,0
0.0,0
0.0,0
0.0,0
0.0,0
0.0,0
0.0,0
0.0,0
0.0,0
0.0,0
0.0,0
0.0,0
0.0,0
0.0,0
0.0,0
0.0,0
0.0,0
0.0,0
0.0,0
0.0,0
0.0,0
0.0,0
0.0,0
0.0,0
0.0,0
0.0,0
0.0,0
0.0,0
0.0,0
0.0,0
0.0,0
0.0,0
0.0,0
0.0,0
0.0,0
0.0,0
0.0,0
0.0,0
0.0,0
0.0,0
0.0,0
0.0,0
0.0,0
0.0,0
0.0,0
0.0,0
0.0,0
0.0,0
0.0,0
0.0,0
0.0,0
0.0,0
0.0,0
0.0,0
0.0,0
0.0,0
0.0,0
0.0,0
0.0,0
0.0,0
0.0,0
0.0,0
0.0,0
0.0,0
0.0,0
0.0,0
0.0,0
0.0,0
0.0,0
0.0,0
0.0,0
0.0,0
0.0,0
0.0,0
0.0,0
0.0,0
0.0,0
0.0,0
0.0,0
0.0,0
0.0,0
0.0,0
0.0,0
0.0,0
0.0,0
0.0,0
0.0,0
0.0,0
0.0,0
0.0,0
0.0,0
0.0,0
0.0,0
0.0,0
0.0,0
0.0,0
0.0,0
0.0,0
0.0,0
0.0,0
0.0,0
0.0,0
0.0,0
0.0,0
0.0,0
0.0,0
0.0,0
0.0,0
0.0,0
0.0,0
0.0,0
0.0,0
0.0,0
0.0,0
0.0,0
0.0,0
0.0,0
0.0,0
0.0,0
0.0,0
0.0,0
0.0,0
0.0,0
0.0,0
0.0,0
0.0,0
0.0,0
0.0,0
0.0,0
0.0,0
0.0,0
0.0,0
0.0,0
0.0,0
0.0,0
0.0,0
0.0,0
0.0,0
0.0,0
0.0,0
0.0,0
0.0,0
266.67,1
266.67,1
363.64,1
363.64,1
307.69,1
333.33,1
0.0,0
0.0,0
0.0,0
307.69,1
0.0,0
307.69,1
0.0,0
0.0,0
0.0,0
0.0,0
0.0,0
0.0,0
0.0,0
0.0,0
0.0,0
0.0,0
0.0,0
0.0,0
0.0,0
0.0,0
0.0,0
0.0,0
0.0,0
0.0,0
0.0,0
0.0,0
0.0,0
0.0,0
0.0,0
0.0,0
0.0,0
0.0,0
0.0,0
0.0,0
0.0,0
0.0,0
0.0,0
0.0,0
0.0,0
0.0,0
0.0,0
0.0,0
0.0,0
0.0,0
0.0,0
0.0,0
0.0,0
0.0,0
0.0,0
0.0,0
0.0,0
0.0,0
0.0,0
0.0,0
0.0,0
0.0,0
0.0,0
0.0,0
0.0,0
0.0,0
0.0,0
0.0,0
0.0,0
0.0,0
0.0,0
0.0,0
0.0,0
0.0,0
0.0,0
0.0,0
0.0,0
0.0,0
0.0,0
0.0,0
0.0,0
0.0,0
0.0,0
0.0,0
0.0,0
0.0,0
0.0,0
0.0,0
0.0,0
0.0,0
0.0,0
0.0,0
0.0,0
0.0,0
0.0,0
0.0,0
0.0,0
0.0,0
0.0,0
0.0,0
0.0,0
0.0,0
0.0,0
0.0,0
0.0,0
0.0,0
0.0,0
0.0,0
0.0,0
0.0,0
0.0,0
0.0,0
0.0,0
0.0,0
0.0,0
0.0,0
0.0,0
0.0,0
0.0,0
0.0,0
0.0,0
0.0,0
0.0,0
0.0,0
0.0,0
0.0,0
0.0,0
0.0,0
0.0,0
0.0,0
0.0,0
0.0,0
0.0,0
0.0,0
0.0,0
0.0,0
0.0,0
0.0,0
0.0,0
0.0,0
0.0,0
0.0,0
0.0,0
285.71,1
0.0,0
0.0,0
266.67,1
0.0,0
235.29,1
0.0,0
0.0,0
0.0,0
250.0,1
0.0,0
250.0,1
266.67,1
266.67,1
266.67,1
266.67,1
266.67,1
266.67,1
0.0,0
0.0,0
0.0,0
0.0,0
0.0,0
0.0,0
0.0,0
0.0,0
0.0,0
0.0,0
0.0,0
0.0,0
0.0,0
0.0,0
0.0,0
0.0,0
0.0,0
0.0,0
0.0,0
0.0,0
0.0,0
0.0,0
0.0,0
0.0,0
0.0,0
0.0,0
0.0,0
0.0,0
0.0,0
0.0,0
0.0,0
0.0,0
0.0,0
0.0,0
0.0,0
0.0,0
0.0,0
0.0,0
0.0,0
0.0,0
0.0,0
0.0,0
0.0,0
0.0,0
0.0,0
0.0,0
0.0,0
0.0,0
0.0,0
0.0,0
0.0,0
0.0,0
0.0,0
0.0,0
0.0,0
0.0,0
0.0,0
0.0,0
0.0,0
0.0,0
0.0,0
0.0,0
0.0,0
0.0,0
0.0,0
0.0,0
0.0,0
0.0,0
0.0,0
0.0,0
0.0,0
0.0,0
0.0,0
0.0,0
0.0,0
0.0,0
0.0,0
0.0,0
0.0,0
0.0,0
0.0,0
0.0,0
0.0,0
0.0,0
0.0,0
0.0,0
0.0,0
0.0,0
0.0,0
0.0,0
0.0,0
0.0,0
0.0,0
0.0,0
0.0,0
0.0,0
0.0,0
0.0,0
0.0,0
0.0,0
0.0,0
0.0,0
0.0,0
0.0,0
0.0,0
0.0,0
0.0,0
0.0,0
0.0,0
0.0,0
0.0,0
0.0,0
0.0,0
0.0,0
0.0,0
0.0,0
0.0,0
0.0,0
0.0,0
0.0,0
0.0,0
0.0,0
0.0,0
0.0,0
0.0,0
0.0,0
0.0,0
0.0,0
0.0,0
0.0,0
0.0,0
0.0,0
0.0,0
0.0,0
0.0,0
0.0,0
0.0,0
0.0,0
0.0,0
0.0,0
0.0,0
0.0,0
0.0,0
0.0,0
0.0,0
0.0,0
0.0,0
0.0,0
0.0,0
0.0,0
0.0,0
0.0,0
0.0,0
0.0,0
0.0,0
0.0,0
0.0,0
0.0,0
0.0,0
0.0,0
0.0,0
0.0,0
0.0,0
0.0,0
0.0,0
0.0,0
0.0,0
0.0,0
0.0,0
0.0,0
0.0,0
0.0,0
0.0,0
0.0,0
0.0,0
0.0,0
0.0,0
0.0,0
0.0,0
0.0,0
0.0,0
0.0,0
0.0,0
0.0,0
0.0,0
0.0,0
0.0,0
0.0,0
0.0,0
0.0,0
0.0,0
0.0,0
0.0,0
0.0,0
0.0,0
0.0,0
0.0,0
0.0,0
0.0,0
0.0,0
0.0,0
0.0,0
0.0,0
0.0,0
0.0,0
0.0,0
0.0,0
0.0,0
0.0,0
0.0,0
0.0,0
0.0,0
0.0,0
0.0,0
0.0,0
0.0,0
0.0,0
0.0,0
0.0,0
0.0,0
0.0,0
0.0,0
0.0,0
0.0,0
0.0,0
0.0,0
0.0,0
0.0,0
0.0,0
0.0,0
0.0,0
0.0,0
0.0,0
0.0,0
0.0,0
0.0,0
0.0,0
0.0,0
0.0,0
0.0,0
0.0,0
0.0,0
0.0,0
0.0,0
0.0,0
0.0,0
0.0,0
0.0,0
0.0,0
0.0,0
0.0,0
0.0,0
0.0,0
0.0,0
0.0,0
0.0,0
0.0,0
0.0,0
0.0,0
0.0,0
0.0,0
0.0,0
0.0,0
0.0,0
0.0,0
0.0,0
0.0,0
0.0,0
0.0,0
0.0,0
0.0,0
0.0,0
0.0,0
0.0,0
0.0,0
0.0,0
0.0,0
0.0,0
0.0,0
0.0,0
0.0,0
0.0,0
0.0,0
0.0,0
0.0,0
0.0,0
0.0,0
0.0,0
0.0,0
0.0,0
0.0,0
0.0,0
0.0,0
0.0,0
0.0,0
0.0,0
0.0,0
0.0,0
0.0,0
0.0,0
0.0,0
0.0,0
0.0,0
0.0,0
0.0,0
0.0,0
0.0,0
0.0,0
0.0,0
0.0,0
0.0,0
0.0,0
0.0,0
0.0,0
0.0,0
0.0,0
0.0,0
0.0,0
0.0,0
0.0,0
0.0,0
0.0,0
0.0,0
0.0,0
0.0,0
0.0,0
0.0,0
0.0,0
0.0,0
0.0,0
0.0,0
0.0,0
0.0,0
0.0,0
0.0,0
0.0,0
0.0,0
0.0,0
0.0,0
0.0,0
0.0,0
0.0,0
0.0,0
0.0,0
0.0,0
0.0,0
0.0,0
0.0,0
0.0,0
0.0,0
0.0,0
0.0,0
0.0,0
0.0,0
0.0,0
0.0,0
0.0,0
0.0,0
0.0,0
0.0,0
0.0,0
0.0,0
0.0,0
0.0,0
0.0,0
0.0,0
0.0,0
0.0,0
0.0,0
0.0,0
0.0,0
0.0,0
0.0,0
0.0,0
0.0,0
0.0,0
0.0,0
0.0,0
0.0,0
0.0,0
0.0,0
0.0,0
0.0,0
0.0,0
0.0,0
0.0,0
0.0,0
0.0,0
0.0,0
0.0,0
0.0,0
0.0,0
0.0,0
0.0,0
0.0,0
0.0,0
0.0,0
0.0,0
0.0,0
0.0,0
0.0,0
0.0,0
0.0,0
0.0,0
0.0,0
0.0,0
0.0,0
0.0,0
0.0,0
0.0,0
0.0,0
0.0,0
0.0,0
0.0,0
0.0,0
0.0,0
0.0,0
0.0,0
0.0,0
0.0,0
0.0,0
0.0,0
0.0,0
0.0,0
0.0,0
0.0,0
0.0,0
0.0,0
0.0,0
0.0,0
0.0,0
0.0,0
0.0,0
0.0,0
0.0,0
0.0,0
0.0,0
0.0,0
0.0,0
0.0,0
0.0,0
0.0,0
0.0,0
0.0,0
0.0,0
0.0,0
0.0,0
0.0,0
0.0,0
0.0,0
0.0,0
0.0,0
0.0,0
0.0,0
0.0,0
0.0,0
0.0,0
0.0,0
0.0,0
0.0,0
0.0,0
0.0,0
0.0,0
0.0,0
0.0,0
0.0,0
0.0,0
0.0,0
0.0,0
0.0,0
0.0,0
0.0,0
0.0,0
0.0,0
0.0,0
0.0,0
0.0,0
0.0,0
0.0,0
0.0,0
0.0,0
0.0,0
0.0,0
0.0,0
0.0,0
0.0,0
0.0,0
0.0,0
571.43,1
571.43,1
571.43,1
571.43,1
500.0,1
333.33,1
363.64,1
444.44,1
363.64,1
333.33,1
500.0,1
571.43,1
500.0,1
0.0,0
444.44,1
0.0,0
0.0,0
571.43,1
500.0,1
0.0,0
0.0,0
0.0,0
0.0,0
0.0,0
0.0,0
0.0,0
0.0,0
0.0,0
0.0,0
0.0,0
0.0,0
0.0,0
0.0,0
0.0,0
0.0,0
0.0,0
0.0,0
0.0,0
0.0,0
0.0,0
0.0,0
0.0,0
0.0,0
333.33,1
0.0,0
0.0,0
0.0,0
0.0,0
400.0,1
333.33,1
0.0,0
0.0,0
0.0,0
333.33,1
0.0,0
0.0,0
285.71,1
0.0,0
0.0,0
0.0,0
0.0,0
0.0,0
0.0,0
0.0,0
0.0,0
0.0,0
0.0,0
0.0,0
0.0,0
0.0,0
0.0,0
0.0,0
0.0,0
0.0,0
0.0,0
0.0,0
0.0,0
0.0,0
0.0,0
0.0,0
0.0,0
0.0,0
0.0,0
0.0,0
0.0,0
0.0,0
0.0,0
0.0,0
0.0,0
0.0,0
0.0,0
0.0,0
0.0,0
0.0,0
0.0,0
0.0,0
0.0,0
0.0,0
0.0,0
0.0,0
0.0,0
0.0,0
0.0,0
0.0,0
0.0,0
0.0,0
0.0,0
0.0,0
0.0,0
0.0,0
0.0,0
0.0,0
0.0,0
0.0,0
0.0,0
0.0,0
0.0,0
0.0,0
0.0,0
0.0,0
0.0,0
0.0,0
0.0,0
0.0,0
0.0,0
0.0,0
0.0,0
0.0,0
0.0,0
0.0,0
0.0,0
0.0,0
0.0,0
0.0,0
0.0,0
0.0,0
0.0,0
0.0,0
0.0,0
0.0,0
0.0,0
0.0,0
0.0,0
0.0,0
0.0,0
0.0,0
0.0,0
0.0,0
0.0,0
0.0,0
0.0,0
0.0,0
0.0,0
0.0,0
0.0,0
0.0,0
0.0,0
0.0,0
0.0,0
0.0,0
0.0,0
0.0,0
0.0,0
0.0,0
0.0,0
0.0,0
0.0,0
0.0,0
0.0,0
0.0,0
0.0,0
0.0,0
0.0,0
0.0,0
0.0,0
0.0,0
0.0,0
0.0,0
0.0,0
0.0,0
0.0,0
0.0,0
0.0,0
0.0,0
0.0,0
0.0,0
0.0,0
0.0,0
0.0,0
0.0,0
0.0,0
0.0,0
0.0,0
0.0,0
0.0,0
0.0,0
0.0,0
0.0,0
0.0,0
0.0,0
0.0,0
0.0,0
0.0,0
0.0,0
0.0,0
0.0,0
0.0,0
0.0,0
0.0,0
0.0,0
0.0,0
0.0,0
0.0,0
0.0,0
0.0,0
0.0,0
0.0,0
0.0,0
0.0,0
0.0,0
0.0,0
0.0,0
0.0,0
0.0,0
0.0,0
0.0,0
0.0,0
0.0,0
0.0,0
0.0,0
0.0,0
0.0,0
0.0,0
0.0,0
0.0,0
0.0,0
0.0,0
0.0,0
0.0,0
0.0,0
0.0,0
0.0,0
0.0,0
0.0,0
0.0,0
0.0,0
0.0,0
0.0,0
0.0,0
0.0,0
0.0,0
0.0,0
0.0,0
0.0,0
0.0,0
0.0,0
0.0,0
0.0,0
0.0,0
0.0,0
0.0,0
0.0,0
0.0,0
266.67,1
0.0,0
0.0,0
0.0,0
0.0,0
0.0,0
0.0,0
0.0,0
0.0,0
0.0,0
0.0,0
0.0,0
0.0,0
0.0,0
0.0,0
0.0,0
0.0,0
0.0,0
0.0,0
0.0,0
0.0,0
0.0,0
0.0,0
0.0,0
0.0,0
0.0,0
0.0,0
0.0,0
0.0,0
0.0,0
0.0,0
0.0,0
0.0,0
0.0,0
0.0,0
0.0,0
0.0,0
0.0,0
0.0,0
0.0,0
0.0,0
0.0,0
0.0,0
0.0,0
0.0,0
0.0,0
0.0,0
0.0,0
0.0,0
0.0,0
0.0,0
0.0,0
0.0,0
0.0,0
0.0,0
0.0,0
0.0,0
0.0,0
0.0,0
0.0,0
0.0,0
0.0,0
0.0,0
0.0,0
0.0,0
0.0,0
0.0,0
0.0,0
0.0,0
0.0,0
0.0,0
0.0,0
0.0,0
0.0,0
0.0,0
0.0,0
0.0,0
0.0,0
0.0,0
0.0,0
0.0,0
0.0,0
0.0,0
0.0,0
0.0,0
0.0,0
0.0,0
0.0,0
0.0,0
0.0,0
0.0,0
0.0,0
0.0,0
0.0,0
0.0,0
0.0,0
0.0,0
0.0,0
0.0,0
0.0,0
0.0,0
0.0,0
0.0,0
0.0,0
0.0,0
0.0,0
0.0,0
0.0,0
0.0,0
0.0,0
0.0,0
0.0,0
0.0,0
0.0,0
0.0,0
0.0,0
0.0,0
0.0,0
0.0,0
0.0,0
0.0,0
0.0,0
0.0,0
0.0,0
0.0,0
0.0,0
0.0,0
0.0,0
0.0,0
0.0,0
0.0,0
0.0,0
0.0,0
0.0,0
0.0,0
0.0,0
0.0,0
0.0,0
0.0,0
0.0,0
0.0,0
0.0,0
0.0,0
0.0,0
0.0,0
0.0,0
0.0,0
0.0,0
0.0,0
0.0,0
0.0,0
0.0,0
0.0,0
0.0,0
0.0,0
0.0,0
0.0,0
0.0,0
0.0,0
0.0,0
0.0,0
0.0,0
0.0,0
0.0,0
0.0,0
0.0,0
0.0,0
0.0,0
0.0,0
0.0,0
0.0,0
0.0,0
0.0,0
0.0,0
0.0,0
0.0,0
0.0,0
0.0,0
0.0,0
0.0,0
0.0,0
0.0,0
0.0,0
0.0,0
0.0,0
0.0,0
0.0,0
0.0,0
0.0,0
0.0,0
0.0,0
0.0,0
0.0,0
0.0,0
0.0,0
0.0,0
0.0,0
0.0,0
0.0,0
0.0,0
0.0,0
0.0,0
0.0,0
0.0,0
0.0,0
0.0,0
0.0,0
0.0,0
0.0,0
0.0,0
0.0,0
0.0,0
0.0,0
0.0,0
0.0,0
0.0,0
0.0,0
0.0,0
0.0,0
0.0,0
0.0,0
0.0,0
0.0,0
666.67,1
0.0,0
0.0,0
0.0,0
0.0,0
0.0,0
0.0,0
0.0,0
0.0,0
0.0,0
0.0,0
0.0,0
0.0,0
0.0,0
0.0,0
0.0,0
0.0,0
0.0,0
0.0,0
0.0,0
0.0,0
0.0,0
0.0,0
0.0,0
0.0,0
0.0,0
0.0,0
0.0,0
0.0,0
0.0,0
0.0,0
0.0,0
0.0,0
0.0,0
0.0,0
0.0,0
0.0,0
0.0,0
0.0,0
0.0,0
0.0,0
0.0,0
0.0,0
0.0,0
0.0,0
0.0,0
0.0,0
0.0,0
0.0,0
0.0,0
0.0,0
0.0,0
0.0,0
666.67,1
0.0,0
400.0,1
0.0,0
363.64,1
0.0,0
0.0,0
0.0,0
0.0,0
0.0,0
0.0,0
0.0,0
0.0,0
0.0,0
0.0,0
0.0,0
0.0,0
0.0,0
0.0,0
0.0,0
0.0,0
0.0,0
0.0,0
0.0,0
0.0,0
0.0,0
0.0,0
0.0,0
0.0,0
0.0,0
0.0,0
0.0,0
0.0,0
0.0,0
0.0,0
0.0,0
0.0,0
0.0,0
0.0,0
0.0,0
0.0,0
0.0,0
0.0,0
0.0,0
0.0,0
0.0,0
0.0,0
0.0,0
0.0,0
0.0,0
0.0,0
0.0,0
0.0,0
0.0,0
0.0,0
0.0,0
0.0,0
0.0,0
0.0,0
0.0,0
0.0,0
0.0,0
0.0,0
0.0,0
0.0,0
0.0,0
0.0,0
0.0,0
0.0,0
0.0,0
0.0,0
0.0,0
0.0,0
0.0,0
0.0,0
0.0,0
0.0,0
0.0,0
0.0,0
0.0,0
0.0,0
0.0,0
0.0,0
0.0,0
0.0,0
0.0,0
0.0,0
0.0,0
0.0,0
0.0,0
0.0,0
0.0,0
0.0,0
0.0,0
0.0,0
0.0,0
0.0,0
0.0,0
0.0,0
0.0,0
0.0,0
0.0,0
0.0,0
0.0,0
0.0,0
0.0,0
0.0,0
0.0,0
0.0,0
0.0,0
0.0,0
0.0,0
0.0,0
0.0,0
0.0,0
0.0,0
0.0,0
0.0,0
0.0,0
0.0,0
0.0,0
0.0,0
0.0,0
0.0,0
0.0,0
0.0,0
0.0,0
0.0,0
0.0,0
0.0,0
0.0,0
0.0,0
0.0,0
0.0,0
0.0,0
0.0,0
0.0,0
0.0,0
0.0,0
0.0,0
0.0,0
0.0,0
0.0,0
0.0,0
0.0,0
0.0,0
0.0,0
0.0,0
0.0,0
0.0,0
0.0,0
0.0,0
0.0,0
0.0,0
0.0,0
0.0,0
0.0,0
0.0,0
0.0,0
0.0,0
0.0,0
0.0,0
0.0,0
0.0,0
0.0,0
0.0,0
0.0,0
0.0,0
0.0,0
0.0,0
0.0,0
0.0,0
0.0,0
0.0,0
0.0,0
0.0,0
0.0,0
0.0,0
0.0,0
0.0,0
0.0,0
0.0,0
0.0,0
0.0,0
0.0,0
0.0,0
0.0,0
0.0,0
0.0,0
0.0,0
0.0,0
0.0,0
0.0,0
0.0,0
0.0,0
0.0,0
0.0,0
0.0,0
0.0,0
0.0,0
0.0,0
0.0,0
0.0,0
0.0,0
0.0,0
0.0,0
0.0,0
0.0,0
0.0,0
0.0,0
0.0,0
0.0,0
0.0,0
0.0,0
0.0,0
0.0,0
0.0,0
0.0,0
0.0,0
0.0,0
0.0,0
0.0,0
0.0,0
0.0,0
0.0,0
0.0,0
0.0,0
0.0,0
0.0,0
0.0,0
0.0,0
0.0,0
0.0,0
0.0,0
0.0,0
0.0,0
0.0,0
0.0,0
0.0,0
0.0,0
0.0,0
0.0,0
0.0,0
0.0,0
0.0,0
0.0,0
0.0,0
0.0,0
0.0,0
0.0,0
0.0,0
0.0,0
0.0,0
181.82,1
181.82,1
181.82,1
173.91,1
0.0,0
0.0,0
0.0,0
0.0,0
0.0,0
0.0,0
0.0,0
0.0,0
0.0,0
0.0,0
0.0,0
0.0,0
0.0,0
0.0,0
0.0,0
0.0,0
0.0,0
0.0,0
0.0,0
0.0,0
0.0,0
0.0,0
0.0,0
0.0,0
0.0,0
0.0,0
0.0,0
0.0,0
0.0,0
0.0,0
0.0,0
0.0,0
0.0,0
0.0,0
0.0,0
0.0,0
0.0,0
0.0,0
0.0,0
0.0,0
0.0,0
0.0,0
0.0,0
0.0,0
0.0,0
0.0,0
0.0,0
0.0,0
0.0,0
0.0,0
0.0,0
0.0,0
0.0,0
0.0,0
0.0,0
0.0,0
0.0,0
0.0,0
0.0,0
0.0,0
0.0,0
0.0,0
0.0,0
0.0,0
0.0,0
0.0,0
0.0,0
0.0,0
0.0,0
0.0,0
0.0,0
0.0,0
0.0,0
0.0,0
0.0,0
0.0,0
0.0,0
0.0,0
0.0,0
0.0,0
0.0,0
0.0,0
0.0,0
0.0,0
0.0,0
0.0,0
0.0,0
0.0,0
0.0,0
0.0,0
0.0,0
0.0,0
0.0,0
0.0,0
0.0,0
0.0,0
0.0,0
0.0,0
0.0,0
0.0,0
0.0,0
0.0,0
0.0,0
0.0,0
0.0,0
0.0,0
0.0,0
0.0,0
0.0,0
0.0,0
0.0,0
0.0,0
0.0,0
0.0,0
0.0,0
0.0,0
0.0,0
0.0,0
0.0,0
0.0,0
0.0,0
0.0,0
0.0,0
0.0,0
0.0,0
0.0,0
0.0,0
0.0,0
0.0,0
0.0,0
0.0,0
0.0,0
0.0,0
0.0,0
0.0,0
0.0,0
0.0,0
0.0,0
0.0,0
0.0,0
0.0,0
0.0,0
0.0,0
0.0,0
0.0,0
0.0,0
0.0,0
0.0,0
0.0,0
0.0,0
0.0,0
0.0,0
0.0,0
0.0,0
0.0,0
0.0,0
0.0,0
0.0,0
0.0,0
0.0,0
0.0,0
0.0,0
0.0,0
0.0,0
0.0,0
0.0,0
0.0,0
0.0,0
0.0,0
0.0,0
0.0,0
0.0,0
0.0,0
0.0,0
0.0,0
0.0,0
0.0,0
0.0,0
0.0,0
0.0,0
0.0,0
0.0,0
0.0,0
0.0,0
0.0,0
0.0,0
0.0,0
0.0,0
0.0,0
0.0,0
0.0,0
0.0,0
0.0,0
0.0,0
0.0,0
0.0,0
0.0,0
0.0,0
0.0,0
0.0,0
0.0,0
0.0,0
0.0,0
0.0,0
0.0,0
0.0,0
0.0,0
0.0,0
0.0,0
0.0,0
0.0,0
0.0,0
0.0,0
0.0,0
0.0,0
0.0,0
0.0,0
0.0,0
0.0,0
0.0,0
0.0,0
0.0,0
0.0,0
0.0,0
0.0,0
0.0,0
0.0,0
0.0,0
0.0,0
0.0,0
0.0,0
0.0,0
0.0,0
0.0,0
0.0,0
0.0,0
0.0,0
235.29,1
0.0,0
0.0,0
0.0,0
0.0,0
0.0,0
0.0,0
0.0,0
0.0,0
0.0,0
0.0,0
0.0,0
0.0,0
0.0,0
0.0,0
0.0,0
0.0,0
0.0,0
0.0,0
0.0,0
0.0,0
0.0,0
0.0,0
0.0,0
0.0,0
0.0,0
0.0,0
0.0,0
0.0,0
0.0,0
0.0,0
0.0,0
0.0,0
0.0,0
0.0,0
0.0,0
0.0,0
0.0,0
0.0,0
0.0,0
0.0,0
0.0,0
0.0,0
0.0,0
0.0,0
0.0,0
0.0,0
0.0,0
0.0,0
0.0,0
0.0,0
0.0,0
0.0,0
0.0,0
0.0,0
0.0,0
0.0,0
0.0,0
0.0,0
0.0,0
0.0,0
0.0,0
0.0,0
0.0,0
0.0,0
0.0,0
0.0,0
0.0,0
0.0,0
0.0,0
0.0,0
0.0,0
0.0,0
0.0,0
0.0,0
0.0,0
0.0,0
0.0,0
0.0,0
0.0,0
0.0,0
0.0,0
0.0,0
0.0,0
0.0,0
0.0,0
0.0,0
0.0,0
0.0,0
0.0,0
0.0,0
0.0,0
0.0,0
0.0,0
0.0,0
0.0,0
0.0,0
0.0,0
0.0,0
0.0,0
0.0,0
0.0,0
0.0,0
0.0,0
0.0,0
0.0,0
0.0,0
0.0,0
0.0,0
0.0,0
0.0,0
0.0,0
0.0,0
0.0,0
0.0,0
0.0,0
0.0,0
0.0,0
0.0,0
307.69,1
0.0,0
285.71,1
285.71,1
285.71,1
285.71,1
285.71,1
307.69,1
285.71,1
285.71,1
285.71,1
285.71,1
285.71,1
285.71,1
285.71,1
666.67,1
800.0,1
0.0,0
0.0,0
0.0,0
0.0,0
0.0,0
0.0,0
0.0,0
0.0,0
400.0,1
0.0,0
363.64,1
0.0,0
0.0,0
0.0,0
0.0,0
0.0,0
0.0,0
0.0,0
0.0,0
0.0,0
0.0,0
0.0,0
0.0,0
0.0,0
0.0,0
0.0,0
0.0,0
0.0,0
0.0,0
0.0,0
0.0,0
0.0,0
0.0,0
0.0,0
0.0,0
0.0,0
800.0,1
800.0,1
571.43,1
400.0,1
0.0,0
0.0,0
0.0,0
0.0,0
0.0,0
0.0,0
0.0,0
0.0,0
0.0,0
0.0,0
0.0,0
0.0,0
0.0,0
0.0,0
0.0,0
0.0,0
0.0,0
0.0,0
0.0,0
0.0,0
0.0,0
0.0,0
0.0,0
0.0,0
0.0,0
0.0,0
0.0,0
0.0,0
0.0,0
307.69,1
0.0,0
307.69,1
307.69,1
307.69,1
0.0,0
0.0,0
0.0,0
0.0,0
0.0,0
0.0,0
0.0,0
0.0,0
0.0,0
0.0,0
0.0,0
0.0,0
266.67,1
0.0,0
0.0,0
0.0,0
0.0,0
0.0,0
0.0,0
0.0,0
0.0,0
0.0,0
0.0,0
0.0,0
0.0,0
0.0,0
0.0,0
0.0,0
0.0,0
0.0,0
0.0,0
0.0,0
0.0,0
0.0,0
0.0,0
0.0,0
0.0,0
0.0,0
0.0,0
0.0,0
0.0,0
0.0,0
0.0,0
0.0,0
0.0,0
0.0,0
0.0,0
0.0,0
0.0,0
0.0,0
0.0,0
0.0,0
0.0,0
0.0,0
0.0,0
0.0,0
0.0,0
0.0,0
0.0,0
0.0,0
0.0,0
0.0,0
0.0,0
0.0,0
0.0,0
0.0,0
0.0,0
0.0,0
0.0,0
0.0,0
0.0,0
0.0,0
0.0,0
0.0,0
0.0,0
0.0,0
0.0,0
0.0,0
0.0,0
0.0,0
0.0,0
0.0,0
0.0,0
0.0,0
0.0,0
0.0,0
0.0,0
0.0,0
0.0,0
0.0,0
0.0,0
0.0,0
0.0,0
0.0,0
0.0,0
0.0,0
0.0,0
0.0,0
0.0,0
0.0,0
0.0,0
0.0,0
0.0,0
0.0,0
0.0,0
0.0,0
0.0,0
0.0,0
0.0,0
0.0,0
0.0,0
0.0,0
200.0,1
200.0,1
210.53,1
210.53,1
210.53,1
200.0,1
210.53,1
210.53,1
210.53,1
210.53,1
200.0,1
210.53,1
210.53,1
190.48,1
190.48,1
266.67,1
0.0,0
285.71,1
307.69,1
307.69,1
0.0,0
0.0,0
0.0,0
0.0,0
0.0,0
0.0,0
0.0,0
0.0,0
0.0,0
0.0,0
0.0,0
0.0,0
0.0,0
0.0,0
0.0,0
0.0,0
0.0,0
0.0,0
0.0,0
0.0,0
0.0,0
0.0,0
0.0,0
0.0,0
0.0,0
0.0,0
0.0,0
0.0,0
0.0,0
0.0,0
0.0,0
0.0,0
0.0,0
0.0,0
0.0,0
0.0,0
0.0,0
266.67,1
266.67,1
285.71,1
285.71,1
266.67,1
266.67,1
266.67,1
266.67,1
250.0,1
0.0,0
266.67,1
266.67,1
250.0,1
266.67,1
250.0,1
0.0,0
0.0,0
0.0,0
0.0,0
0.0,0
0.0,0
0.0,0
0.0,0
0.0,0
0.0,0
0.0,0
0.0,0
0.0,0
0.0,0
0.0,0
0.0,0
0.0,0
0.0,0
0.0,0
0.0,0
0.0,0
0.0,0
0.0,0
0.0,0
0.0,0
0.0,0
0.0,0
0.0,0
0.0,0
0.0,0
0.0,0
0.0,0
0.0,0
0.0,0
0.0,0
0.0,0
0.0,0
0.0,0
0.0,0
0.0,0
0.0,0
0.0,0
0.0,0
0.0,0
0.0,0
0.0,0
0.0,0
0.0,0
0.0,0
0.0,0
0.0,0
0.0,0
0.0,0
0.0,0
0.0,0
0.0,0
0.0,0
0.0,0
0.0,0
0.0,0
0.0,0
0.0,0
0.0,0
0.0,0
0.0,0
0.0,0
0.0,0
0.0,0
0.0,0
0.0,0
0.0,0
0.0,0
0.0,0
0.0,0
0.0,0
0.0,0
0.0,0
0.0,0
0.0,0
0.0,0
0.0,0
0.0,0
0.0,0
0.0,0
0.0,0
0.0,0
0.0,0
0.0,0
0.0,0
0.0,0
0.0,0
0.0,0
0.0,0
0.0,0
0.0,0
0.0,0
190.48,1
0.0,0
200.0,1
200.0,1
200.0,1
200.0,1
0.0,0
0.0,0
0.0,0
0.0,0
0.0,0
0.0,0
0.0,0
0.0,0
235.29,1
0.0,0
285.71,1
266.67,1
266.67,1
266.67,1
266.67,1
266.67,1
266.67,1
266.67,1
266.67,1
266.67,1
266.67,1
266.67,1
0.0,0
0.0,0
0.0,0
0.0,0
0.0,0
0.0,0
0.0,0
0.0,0
0.0,0
0.0,0
0.0,0
0.0,0
0.0,0
0.0,0
0.0,0
0.0,0
0.0,0
0.0,0
0.0,0
0.0,0
0.0,0
0.0,0
0.0,0
0.0,0
0.0,0
0.0,0
0.0,0
0.0,0
0.0,0
0.0,0
0.0,0
0.0,0
0.0,0
0.0,0
0.0,0
0.0,0
0.0,0
0.0,0
0.0,0
0.0,0
0.0,0
0.0,0
0.0,0
0.0,0
0.0,0
0.0,0
0.0,0
0.0,0
0.0,0
0.0,0
0.0,0
0.0,0
0.0,0
0.0,0
0.0,0
0.0,0
0.0,0
0.0,0
0.0,0
0.0,0
0.0,0
0.0,0
0.0,0
0.0,0
0.0,0
0.0,0
0.0,0
0.0,0
0.0,0
0.0,0
0.0,0
0.0,0
0.0,0
0.0,0
0.0,0
0.0,0
0.0,0
0.0,0
0.0,0
0.0,0
0.0,0
0.0,0
0.0,0
0.0,0
0.0,0
0.0,0
0.0,0
0.0,0
0.0,0
0.0,0
0.0,0
0.0,0
0.0,0
0.0,0
0.0,0
0.0,0
0.0,0
0.0,0
0.0,0
0.0,0
0.0,0
0.0,0
0.0,0
0.0,0
0.0,0
0.0,0
0.0,0
0.0,0
0.0,0
210.53,1
222.22,1
200.0,1
210.53,1
210.53,1
210.53,1
210.53,1
210.53,1
222.22,1
222.22,1
222.22,1
222.22,1
222.22,1
222.22,1
222.22,1
222.22,1
210.53,1
285.71,1
266.67,1
222.22,1
250.0,1
250.0,1
250.0,1
200.0,1
0.0,0
0.0,0
0.0,0
0.0,0
0.0,0
0.0,0
0.0,0
0.0,0
0.0,0
0.0,0
0.0,0
0.0,0
0.0,0
0.0,0
0.0,0
0.0,0
0.0,0
0.0,0
0.0,0
0.0,0
0.0,0
0.0,0
0.0,0
0.0,0
0.0,0
0.0,0
0.0,0
0.0,0
0.0,0
0.0,0
0.0,0
0.0,0
181.82,1
0.0,0
190.48,1
0.0,0
0.0,0
250.0,1
0.0,0
210.53,1
210.53,1
210.53,1
210.53,1
210.53,1
0.0,0
0.0,0
0.0,0
0.0,0
0.0,0
0.0,0
0.0,0
0.0,0
0.0,0
0.0,0
0.0,0
0.0,0
0.0,0
0.0,0
0.0,0
0.0,0
0.0,0
0.0,0
0.0,0
0.0,0
0.0,0
190.48,1
200.0,1
250.0,1
210.53,1
210.53,1
210.53,1
210.53,1
222.22,1
222.22,1
222.22,1
222.22,1
235.29,1
222.22,1
222.22,1
210.53,1
0.0,0
0.0,0
0.0,0
307.69,1
333.33,1
400.0,1
307.69,1
307.69,1
307.69,1
307.69,1
307.69,1
307.69,1
307.69,1
307.69,1
307.69,1
307.69,1
285.71,1
285.71,1
285.71,1
0.0,0
0.0,0
0.0,0
0.0,0
0.0,0
0.0,0
0.0,0
0.0,0
0.0,0
0.0,0
0.0,0
0.0,0
0.0,0
0.0,0
0.0,0
0.0,0
0.0,0
0.0,0
0.0,0
0.0,0
0.0,0
0.0,0
0.0,0
0.0,0
0.0,0
0.0,0
0.0,0
0.0,0
0.0,0
0.0,0
0.0,0
0.0,0
0.0,0
0.0,0
0.0,0
0.0,0
0.0,0
0.0,0
0.0,0
0.0,0
0.0,0
0.0,0
0.0,0
0.0,0
0.0,0
0.0,0
0.0,0
0.0,0
0.0,0
210.53,1
210.53,1
0.0,0
0.0,0
0.0,0
0.0,0
0.0,0
0.0,0
210.53,1
200.0,1
200.0,1
210.53,1
210.53,1
210.53,1
0.0,0
0.0,0
0.0,0
0.0,0
0.0,0
0.0,0
0.0,0
0.0,0
307.69,1
307.69,1
307.69,1
285.71,1
0.0,0
285.71,1
285.71,1
0.0,0
0.0,0
0.0,0
307.69,1
307.69,1
285.71,1
285.71,1
307.69,1
285.71,1
307.69,1
285.71,1
285.71,1
307.69,1
285.71,1
307.69,1
307.69,1
307.69,1
0.0,0
0.0,0
0.0,0
0.0,0
0.0,0
0.0,0
0.0,0
0.0,0
0.0,0
0.0,0
0.0,0
0.0,0
0.0,0
0.0,0
0.0,0
0.0,0
0.0,0
0.0,0
0.0,0
0.0,0
0.0,0
0.0,0
0.0,0
0.0,0
0.0,0
235.29,1
235.29,1
0.0,0
235.29,1
222.22,1
250.0,1
235.29,1
250.0,1
250.0,1
250.0,1
0.0,0
222.22,1
222.22,1
0.0,0
190.48,1
0.0,0
0.0,0
0.0,0
0.0,0
266.67,1
0.0,0
250.0,1
0.0,0
0.0,0
0.0,0
0.0,0
0.0,0
0.0,0
0.0,0
0.0,0
0.0,0
0.0,0
0.0,0
0.0,0
0.0,0
0.0,0
0.0,0
0.0,0
0.0,0
0.0,0
0.0,0
0.0,0
0.0,0
0.0,0
0.0,0
0.0,0
0.0,0
0.0,0
0.0,0
0.0,0
0.0,0
0.0,0
0.0,0
0.0,0
0.0,0
0.0,0
0.0,0
0.0,0
0.0,0
0.0,0
0.0,0
0.0,0
0.0,0
0.0,0
0.0,0
0.0,0
0.0,0
0.0,0
0.0,0
0.0,0
0.0,0
0.0,0
0.0,0
0.0,0
0.0,0
0.0,0
0.0,0
0.0,0
0.0,0
0.0,0
0.0,0
0.0,0
0.0,0
0.0,0
0.0,0
0.0,0
0.0,0
0.0,0
0.0,0
0.0,0
0.0,0
0.0,0
0.0,0
0.0,0
0.0,0
0.0,0
0.0,0
0.0,0
0.0,0
0.0,0
0.0,0
0.0,0
0.0,0
0.0,0
0.0,0
0.0,0
0.0,0
0.0,0
0.0,0
0.0,0
0.0,0
0.0,0
0.0,0
0.0,0
0.0,0
0.0,0
0.0,0
0.0,0
0.0,0
0.0,0
0.0,0
0.0,0
0.0,0
0.0,0
0.0,0
0.0,0
0.0,0
0.0,0
0.0,0
0.0,0
0.0,0
0.0,0
0.0,0
0.0,0
0.0,0
0.0,0
235.29,1
166.67,1
190.48,1
190.48,1
190.48,1
190.48,1
200.0,1
200.0,1
190.48,1
0.0,0
0.0,0
0.0,0
0.0,0
0.0,0
0.0,0
0.0,0
0.0,0
0.0,0
0.0,0
0.0,0
0.0,0
0.0,0
0.0,0
0.0,0
0.0,0
0.0,0
0.0,0
0.0,0
0.0,0
0.0,0
0.0,0
0.0,0
0.0,0
0.0,0
0.0,0
0.0,0
0.0,0
0.0,0
0.0,0
250.0,1
266.67,1
285.71,1
285.71,1
285.71,1
285.71,1
0.0,0
266.67,1
235.29,1
0.0,0
285.71,1
285.71,1
285.71,1
285.71,1
285.71,1
285.71,1
285.71,1
285.71,1
250.0,1
0.0,0
0.0,0
0.0,0
0.0,0
0.0,0
0.0,0
0.0,0
0.0,0
0.0,0
0.0,0
0.0,0
0.0,0
0.0,0
0.0,0
0.0,0
0.0,0
0.0,0
0.0,0
0.0,0
0.0,0
0.0,0
0.0,0
0.0,0
0.0,0
0.0,0
0.0,0
0.0,0
0.0,0
0.0,0
0.0,0
0.0,0
0.0,0
0.0,0
0.0,0
0.0,0
0.0,0
0.0,0
0.0,0
0.0,0
0.0,0
0.0,0
0.0,0
0.0,0
0.0,0
0.0,0
0.0,0
0.0,0
0.0,0
0.0,0
0.0,0
0.0,0
0.0,0
0.0,0
266.67,1
266.67,1
0.0,0
266.67,1
0.0,0
266.67,1
0.0,0
250.0,1
250.0,1
250.0,1
0.0,0
0.0,0
0.0,0
0.0,0
0.0,0
0.0,0
0.0,0
0.0,0
0.0,0
0.0,0
0.0,0
0.0,0
0.0,0
0.0,0
0.0,0
0.0,0
0.0,0
0.0,0
0.0,0
0.0,0
0.0,0
0.0,0
0.0,0
0.0,0
0.0,0
0.0,0
0.0,0
0.0,0
0.0,0
0.0,0
0.0,0
0.0,0
0.0,0
250.0,1
250.0,1
250.0,1
250.0,1
250.0,1
0.0,0
0.0,0
0.0,0
0.0,0
0.0,0
0.0,0
0.0,0
0.0,0
0.0,0
0.0,0
0.0,0
0.0,0
0.0,0
0.0,0
0.0,0
0.0,0
0.0,0
0.0,0
0.0,0
0.0,0
0.0,0
0.0,0
0.0,0
0.0,0
0.0,0
0.0,0
0.0,0
0.0,0
0.0,0
0.0,0
0.0,0
0.0,0
0.0,0
0.0,0
0.0,0
0.0,0
0.0,0
0.0,0
0.0,0
0.0,0
0.0,0
0.0,0
0.0,0
285.71,1
285.71,1
285.71,1
285.71,1
285.71,1
285.71,1
266.67,1
285.71,1
0.0,0
0.0,0
0.0,0
0.0,0
0.0,0
0.0,0
0.0,0
0.0,0
0.0,0
0.0,0
0.0,0
0.0,0
0.0,0
0.0,0
0.0,0
0.0,0
0.0,0
0.0,0
0.0,0
0.0,0
0.0,0
0.0,0
0.0,0
0.0,0
0.0,0
0.0,0
0.0,0
0.0,0
0.0,0
0.0,0
0.0,0
0.0,0
0.0,0
0.0,0
0.0,0
0.0,0
0.0,0
0.0,0
0.0,0
0.0,0
0.0,0
0.0,0
0.0,0
0.0,0
0.0,0
0.0,0
0.0,0
0.0,0
0.0,0
0.0,0
0.0,0
0.0,0
0.0,0
0.0,0
0.0,0
0.0,0
0.0,0
0.0,0
0.0,0
0.0,0
0.0,0
0.0,0
0.0,0
0.0,0
0.0,0
0.0,0
0.0,0
0.0,0
0.0,0
0.0,0
0.0,0
0.0,0
0.0,0
0.0,0
0.0,0
0.0,0
0.0,0
0.0,0
0.0,0
0.0,0
0.0,0
0.0,0
0.0,0
0.0,0
0.0,0
0.0,0
0.0,0
0.0,0
0.0,0
0.0,0
0.0,0
0.0,0
0.0,0
0.0,0
0.0,0
0.0,0
0.0,0
0.0,0
0.0,0
0.0,0
0.0,0
0.0,0
0.0,0
0.0,0
0.0,0
0.0,0
0.0,0
0.0,0
0.0,0
0.0,0
0.0,0
0.0,0
0.0,0
0.0,0
0.0,0
0.0,0
0.0,0
0.0,0
0.0,0
0.0,0
0.0,0
0.0,0
0.0,0
0.0,0
0.0,0
0.0,0
0.0,0
0.0,0
0.0,0
0.0,0
0.0,0
0.0,0
0.0,0
0.0,0
0.0,0
0.0,0
0.0,0
0.0,0
0.0,0
0.0,0
0.0,0
0.0,0
0.0,0
0.0,0
0.0,0
0.0,0
0.0,0
0.0,0
0.0,0
0.0,0
0.0,0
0.0,0
0.0,0
0.0,0
0.0,0
0.0,0
0.0,0
0.0,0
0.0,0
0.0,0
0.0,0
0.0,0
0.0,0
0.0,0
0.0,0
181.82,1
173.91,1
0.0,0
0.0,0
0.0,0
0.0,0
250.0,1
0.0,0
0.0,0
0.0,0
235.29,1
0.0,0
0.0,0
222.22,1
0.0,0
0.0,0
0.0,0
0.0,0
0.0,0
0.0,0
0.0,0
235.29,1
0.0,0
0.0,0
0.0,0
0.0,0
0.0,0
0.0,0
0.0,0
0.0,0
0.0,0
0.0,0
0.0,0
0.0,0
0.0,0
0.0,0
0.0,0
0.0,0
0.0,0
0.0,0
0.0,0
0.0,0
0.0,0
0.0,0
0.0,0
0.0,0
0.0,0
0.0,0
0.0,0
0.0,0
0.0,0
0.0,0
0.0,0
0.0,0
0.0,0
0.0,0
0.0,0
0.0,0
0.0,0
0.0,0
0.0,0
0.0,0
0.0,0
0.0,0
0.0,0
0.0,0
0.0,0
0.0,0
0.0,0
0.0,0
0.0,0
0.0,0
0.0,0
0.0,0
0.0,0
0.0,0
0.0,0
0.0,0
0.0,0
0.0,0
0.0,0
0.0,0
0.0,0
0.0,0
0.0,0
0.0,0
0.0,0
0.0,0
0.0,0
0.0,0
0.0,0
0.0,0
0.0,0
0.0,0
0.0,0
0.0,0
0.0,0
0.0,0
0.0,0
0.0,0
0.0,0
0.0,0
0.0,0
0.0,0
0.0,0
0.0,0
0.0,0
0.0,0
0.0,0
0.0,0
0.0,0
0.0,0
0.0,0
0.0,0
0.0,0
0.0,0
0.0,0
0.0,0
0.0,0
0.0,0
0.0,0
0.0,0
0.0,0
0.0,0
0.0,0
0.0,0
0.0,0
0.0,0
0.0,0
0.0,0
0.0,0
0.0,0
0.0,0
0.0,0
0.0,0
0.0,0
0.0,0
0.0,0
0.0,0
0.0,0
0.0,0
0.0,0
0.0,0
0.0,0
0.0,0
0.0,0
0.0,0
0.0,0
0.0,0
0.0,0
0.0,0
0.0,0
0.0,0
0.0,0
0.0,0
0.0,0
0.0,0
0.0,0
0.0,0
0.0,0
0.0,0
0.0,0
0.0,0
0.0,0
0.0,0
0.0,0
0.0,0
0.0,0
0.0,0
0.0,0
0.0,0
0.0,0
0.0,0
0.0,0
0.0,0
0.0,0
0.0,0
0.0,0
181.82,1
166.67,1
181.82,1
0.0,0
0.0,0
0.0,0
0.0,0
0.0,0
0.0,0
0.0,0
0.0,0
0.0,0
0.0,0
0.0,0
0.0,0
0.0,0
0.0,0
0.0,0
0.0,0
0.0,0
0.0,0
0.0,0
0.0,0
0.0,0
0.0,0
0.0,0
0.0,0
0.0,0
0.0,0
0.0,0
0.0,0
0.0,0
0.0,0
0.0,0
0.0,0
0.0,0
0.0,0
0.0,0
0.0,0
0.0,0
0.0,0
0.0,0
0.0,0
0.0,0
0.0,0
0.0,0
0.0,0
0.0,0
0.0,0
0.0,0
0.0,0
0.0,0
0.0,0
0.0,0
0.0,0
0.0,0
0.0,0
0.0,0
0.0,0
0.0,0
0.0,0
0.0,0
0.0,0
0.0,0
0.0,0
0.0,0
0.0,0
0.0,0
0.0,0
0.0,0
0.0,0
0.0,0
0.0,0
0.0,0
0.0,0
0.0,0
0.0,0
0.0,0
0.0,0
0.0,0
0.0,0
0.0,0
0.0,0
0.0,0
0.0,0
0.0,0
0.0,0
0.0,0
0.0,0
0.0,0
0.0,0
0.0,0
0.0,0
0.0,0
0.0,0
0.0,0
0.0,0
0.0,0
0.0,0
0.0,0
0.0,0
0.0,0
0.0,0
0.0,0
0.0,0
0.0,0
0.0,0
0.0,0
0.0,0
0.0,0
0.0,0
0.0,0
0.0,0
0.0,0
0.0,0
0.0,0
0.0,0
0.0,0
0.0,0
0.0,0
0.0,0
0.0,0
0.0,0
0.0,0
0.0,0
0.0,0
0.0,0
0.0,0
0.0,0
0.0,0
0.0,0
0.0,0
0.0,0
0.0,0
0.0,0
0.0,0
0.0,0
0.0,0
0.0,0
0.0,0
0.0,0
0.0,0
285.71,1
285.71,1
285.71,1
307.69,1
0.0,0
0.0,0
200.0,1
222.22,1
0.0,0
0.0,0
0.0,0
0.0,0
0.0,0
0.0,0
0.0,0
0.0,0
0.0,0
0.0,0
0.0,0
0.0,0
0.0,0
0.0,0
0.0,0
0.0,0
285.71,1
285.71,1
285.71,1
266.67,1
0.0,0
250.0,1
0.0,0
250.0,1
0.0,0
266.67,1
266.67,1
266.67,1
266.67,1
266.67,1
0.0,0
0.0,0
0.0,0
0.0,0
0.0,0
0.0,0
0.0,0
266.67,1
266.67,1
266.67,1
266.67,1
266.67,1
266.67,1
266.67,1
0.0,0
266.67,1
0.0,0
0.0,0
0.0,0
0.0,0
0.0,0
0.0,0
0.0,0
0.0,0
0.0,0
0.0,0
0.0,0
0.0,0
0.0,0
0.0,0
0.0,0
0.0,0
0.0,0
0.0,0
0.0,0
0.0,0
0.0,0
0.0,0
0.0,0
0.0,0
0.0,0
0.0,0
0.0,0
0.0,0
0.0,0
0.0,0
0.0,0
0.0,0
0.0,0
0.0,0
0.0,0
0.0,0
0.0,0
0.0,0
0.0,0
0.0,0
0.0,0
0.0,0
0.0,0
0.0,0
0.0,0
0.0,0
0.0,0
0.0,0
0.0,0
0.0,0
0.0,0
0.0,0
0.0,0
0.0,0
0.0,0
0.0,0
0.0,0
0.0,0
0.0,0
0.0,0
0.0,0
0.0,0
0.0,0
0.0,0
0.0,0
0.0,0
0.0,0
0.0,0
0.0,0
0.0,0
0.0,0
0.0,0
0.0,0
0.0,0
0.0,0
0.0,0
0.0,0
0.0,0
0.0,0
0.0,0
0.0,0
0.0,0
0.0,0
0.0,0
285.71,1
285.71,1
285.71,1
285.71,1
0.0,0
0.0,0
0.0,0
0.0,0
0.0,0
0.0,0
0.0,0
0.0,0
0.0,0
0.0,0
200.0,1
0.0,0
0.0,0
0.0,0
0.0,0
0.0,0
0.0,0
0.0,0
0.0,0
0.0,0
0.0,0
0.0,0
0.0,0
307.69,1
285.71,1
0.0,0
363.64,1
363.64,1
0.0,0
363.64,1
333.33,1
222.22,1
333.33,1
0.0,0
222.22,1
0.0,0
266.67,1
250.0,1
266.67,1
266.67,1
266.67,1
0.0,0
0.0,0
0.0,0
0.0,0
0.0,0
0.0,0
0.0,0
0.0,0
0.0,0
0.0,0
0.0,0
0.0,0
0.0,0
0.0,0
0.0,0
0.0,0
0.0,0
0.0,0
0.0,0
0.0,0
0.0,0
0.0,0
0.0,0
0.0,0
0.0,0
0.0,0
0.0,0
0.0,0
0.0,0
0.0,0
0.0,0
0.0,0
0.0,0
0.0,0
0.0,0
0.0,0
0.0,0
0.0,0
0.0,0
0.0,0
0.0,0
0.0,0
0.0,0
0.0,0
0.0,0
0.0,0
0.0,0
0.0,0
0.0,0
0.0,0
0.0,0
173.91,1
0.0,0
181.82,1
0.0,0
0.0,0
0.0,0
0.0,0
0.0,0
0.0,0
0.0,0
0.0,0
0.0,0
0.0,0
190.48,1
190.48,1
181.82,1
190.48,1
181.82,1
0.0,0
0.0,0
0.0,0
0.0,0
0.0,0
0.0,0
0.0,0
0.0,0
0.0,0
0.0,0
0.0,0
0.0,0
0.0,0
0.0,0
0.0,0
0.0,0
0.0,0
0.0,0
0.0,0
0.0,0
0.0,0
0.0,0
0.0,0
0.0,0
0.0,0
0.0,0
0.0,0
200.0,1
200.0,1
0.0,0
0.0,0
0.0,0
0.0,0
0.0,0
0.0,0
0.0,0
0.0,0
0.0,0
0.0,0
0.0,0
0.0,0
0.0,0
0.0,0
0.0,0
0.0,0
250.0,1
0.0,0
266.67,1
285.71,1
266.67,1
285.71,1
266.67,1
0.0,0
0.0,0
0.0,0
0.0,0
0.0,0
0.0,0
0.0,0
0.0,0
0.0,0
0.0,0
0.0,0
0.0,0
190.48,1
190.48,1
0.0,0
0.0,0
0.0,0
0.0,0
0.0,0
0.0,0
0.0,0
0.0,0
0.0,0
0.0,0
0.0,0
0.0,0
0.0,0
0.0,0
0.0,0
0.0,0
0.0,0
0.0,0
0.0,0
0.0,0
0.0,0
210.53,1
0.0,0
0.0,0
0.0,0
0.0,0
0.0,0
0.0,0
0.0,0
0.0,0
0.0,0
0.0,0
0.0,0
0.0,0
0.0,0
0.0,0
0.0,0
0.0,0
0.0,0
0.0,0
0.0,0
0.0,0
0.0,0
0.0,0
0.0,0
0.0,0
0.0,0
0.0,0
0.0,0
0.0,0
0.0,0
0.0,0
0.0,0
0.0,0
0.0,0
0.0,0
0.0,0
0.0,0
0.0,0
0.0,0
0.0,0
0.0,0
0.0,0
0.0,0
0.0,0
0.0,0
0.0,0
0.0,0
0.0,0
0.0,0
0.0,0
0.0,0
0.0,0
0.0,0
0.0,0
0.0,0
0.0,0
0.0,0
0.0,0
0.0,0
0.0,0
0.0,0
0.0,0
0.0,0
0.0,0
0.0,0
0.0,0
0.0,0
0.0,0
0.0,0
0.0,0
0.0,0
0.0,0
0.0,0
0.0,0
0.0,0
0.0,0
0.0,0
0.0,0
0.0,0
0.0,0
0.0,0
0.0,0
0.0,0
0.0,0
0.0,0
0.0,0
0.0,0
0.0,0
0.0,0
0.0,0
0.0,0
0.0,0
0.0,0
0.0,0
0.0,0
0.0,0
0.0,0
0.0,0
0.0,0
0.0,0
0.0,0
0.0,0
0.0,0
0.0,0
0.0,0
0.0,0
0.0,0
0.0,0
0.0,0
0.0,0
0.0,0
0.0,0
0.0,0
0.0,0
0.0,0
0.0,0
0.0,0
0.0,0
0.0,0
0.0,0
0.0,0
0.0,0
0.0,0
0.0,0
0.0,0
0.0,0
0.0,0
0.0,0
0.0,0
0.0,0
0.0,0
0.0,0
0.0,0
0.0,0
0.0,0
0.0,0
0.0,0
0.0,0
0.0,0
0.0,0
0.0,0
0.0,0
0.0,0
0.0,0
0.0,0
0.0,0
0.0,0
0.0,0
0.0,0
0.0,0
0.0,0
0.0,0
0.0,0
0.0,0
0.0,0
0.0,0
0.0,0
0.0,0
0.0,0
0.0,0
0.0,0
0.0,0
0.0,0
0.0,0
0.0,0
0.0,0
0.0,0
0.0,0
0.0,0
0.0,0
0.0,0
0.0,0
0.0,0
0.0,0
0.0,0
0.0,0
0.0,0
0.0,0
0.0,0
0.0,0
0.0,0
0.0,0
0.0,0
0.0,0
0.0,0
0.0,0
0.0,0
0.0,0
0.0,0
0.0,0
0.0,0
0.0,0
0.0,0
0.0,0
0.0,0
0.0,0
0.0,0
0.0,0
0.0,0
0.0,0
0.0,0
0.0,0
0.0,0
0.0,0
0.0,0
0.0,0
0.0,0
0.0,0
0.0,0
0.0,0
0.0,0
0.0,0
0.0,0
0.0,0
0.0,0
0.0,0
0.0,0
0.0,0
0.0,0
0.0,0
0.0,0
0.0,0
0.0,0
0.0,0
0.0,0
0.0,0
0.0,0
0.0,0
0.0,0
0.0,0
0.0,0
0.0,0
0.0,0
0.0,0
0.0,0
0.0,0
0.0,0
0.0,0
0.0,0
0.0,0
0.0,0
0.0,0
0.0,0
0.0,0
0.0,0
0.0,0
0.0,0
0.0,0
0.0,0
0.0,0
0.0,0
0.0,0
0.0,0
0.0,0
0.0,0
0.0,0
0.0,0
0.0,0
0.0,0
0.0,0
0.0,0
0.0,0
0.0,0
0.0,0
0.0,0
0.0,0
0.0,0
0.0,0
0.0,0
0.0,0
0.0,0
0.0,0
0.0,0
0.0,0
0.0,0
0.0,0
0.0,0
0.0,0
0.0,0
0.0,0
0.0,0
0.0,0
0.0,0
0.0,0
0.0,0
0.0,0
0.0,0
0.0,0
0.0,0
0.0,0
0.0,0
0.0,0
0.0,0
0.0,0
0.0,0
0.0,0
0.0,0
0.0,0
0.0,0
0.0,0
0.0,0
0.0,0
0.0,0
0.0,0
0.0,0
0.0,0
0.0,0
0.0,0
0.0,0
0.0,0
0.0,0
0.0,0
0.0,0
0.0,0
0.0,0
0.0,0
0.0,0
0.0,0
0.0,0
0.0,0
0.0,0
0.0,0
0.0,0
0.0,0
0.0,0
0.0,0
0.0,0
0.0,0
0.0,0
0.0,0
0.0,0
0.0,0
0.0,0
0.0,0
0.0,0
0.0,0
0.0,0
0.0,0
0.0,0
0.0,0
0.0,0
0.0,0
0.0,0
0.0,0
0.0,0
0.0,0
0.0,0
0.0,0
0.0,0
0.0,0
0.0,0
0.0,0
0.0,0
0.0,0
0.0,0
0.0,0
0.0,0
0.0,0
0.0,0
0.0,0
0.0,0
0.0,0
0.0,0
0.0,0
0.0,0
0.0,0
0.0,0
0.0,0
0.0,0
0.0,0
0.0,0
0.0,0
0.0,0
0.0,0
0.0,0
0.0,0
0.0,0
0.0,0
0.0,0
0.0,0
0.0,0
0.0,0
0.0,0
0.0,0
0.0,0
0.0,0
0.0,0
0.0,0
0.0,0
0.0,0
0.0,0
0.0,0
0.0,0
0.0,0
0.0,0
0.0,0
0.0,0
0.0,0
0.0,0
0.0,0
0.0,0
0.0,0
0.0,0
0.0,0
0.0,0
0.0,0
0.0,0
0.0,0
0.0,0
0.0,0
0.0,0
0.0,0
0.0,0
0.0,0
0.0,0
0.0,0
0.0,0
0.0,0
0.0,0
0.0,0
0.0,0
0.0,0
0.0,0
0.0,0
0.0,0
0.0,0
0.0,0
0.0,0
0.0,0
0.0,0
0.0,0
0.0,0
0.0,0
0.0,0
0.0,0
0.0,0
0.0,0
0.0,0
0.0,0
0.0,0
0.0,0
0.0,0
0.0,0
0.0,0
0.0,0
0.0,0
0.0,0
0.0,0
0.0,0
0.0,0
0.0,0
0.0,0
0.0,0
0.0,0
0.0,0
0.0,0
0.0,0
0.0,0
0.0,0
0.0,0
0.0,0
0.0,0
0.0,0
0.0,0
0.0,0
0.0,0
0.0,0
0.0,0
0.0,0
0.0,0
0.0,0
0.0,0
0.0,0
0.0,0
0.0,0
266.67,1
285.71,1
363.64,1
285.71,1
266.67,1
0.0,0
0.0,0
0.0,0
0.0,0
0.0,0
0.0,0
0.0,0
0.0,0
0.0,0
0.0,0
0.0,0
0.0,0
0.0,0
0.0,0
0.0,0
0.0,0
0.0,0
0.0,0
0.0,0
0.0,0
0.0,0
0.0,0
0.0,0
0.0,0
0.0,0
0.0,0
0.0,0
0.0,0
0.0,0
0.0,0
0.0,0
0.0,0
0.0,0
0.0,0
0.0,0
0.0,0
0.0,0
0.0,0
0.0,0
0.0,0
0.0,0
0.0,0
0.0,0
0.0,0
0.0,0
0.0,0
0.0,0
0.0,0
0.0,0
0.0,0
0.0,0
0.0,0
0.0,0
0.0,0
0.0,0
0.0,0
0.0,0
0.0,0
0.0,0
0.0,0
0.0,0
0.0,0
0.0,0
0.0,0
0.0,0
0.0,0
0.0,0
0.0,0
0.0,0
0.0,0
0.0,0
0.0,0
0.0,0
0.0,0
0.0,0
0.0,0
0.0,0
0.0,0
0.0,0
0.0,0
0.0,0
0.0,0
0.0,0
0.0,0
0.0,0
0.0,0
0.0,0
0.0,0
0.0,0
0.0,0
0.0,0
0.0,0
0.0,0
0.0,0
0.0,0
0.0,0
0.0,0
0.0,0
0.0,0
0.0,0
0.0,0
0.0,0
0.0,0
0.0,0
0.0,0
0.0,0
0.0,0
0.0,0
0.0,0
0.0,0
0.0,0
0.0,0
0.0,0
0.0,0
0.0,0
0.0,0
0.0,0
0.0,0
0.0,0
0.0,0
0.0,0
0.0,0
0.0,0
0.0,0
0.0,0
0.0,0
0.0,0
0.0,0
0.0,0
0.0,0
0.0,0
266.67,1
0.0,0
0.0,0
0.0,0
0.0,0
0.0,0
0.0,0
0.0,0
0.0,0
0.0,0
0.0,0
0.0,0
0.0,0
0.0,0
0.0,0
0.0,0
0.0,0
0.0,0
0.0,0
0.0,0
0.0,0
0.0,0
0.0,0
0.0,0
0.0,0
0.0,0
0.0,0
0.0,0
0.0,0
0.0,0
0.0,0
0.0,0
0.0,0
0.0,0
0.0,0
0.0,0
0.0,0
0.0,0
0.0,0
0.0,0
0.0,0
0.0,0
0.0,0
0.0,0
0.0,0
0.0,0
0.0,0
0.0,0
0.0,0
0.0,0
0.0,0
0.0,0
0.0,0
0.0,0
0.0,0
0.0,0
0.0,0
0.0,0
181.82,1
0.0,0
0.0,0
0.0,0
0.0,0
0.0,0
0.0,0
0.0,0
0.0,0
0.0,0
0.0,0
0.0,0
0.0,0
0.0,0
0.0,0
0.0,0
0.0,0
0.0,0
0.0,0
0.0,0
0.0,0
0.0,0
0.0,0
0.0,0
0.0,0
0.0,0
0.0,0
0.0,0
0.0,0
0.0,0
0.0,0
0.0,0
0.0,0
0.0,0
0.0,0
0.0,0
0.0,0
0.0,0
0.0,0
0.0,0
0.0,0
0.0,0
0.0,0
285.71,1
285.71,1
285.71,1
285.71,1
285.71,1
285.71,1
285.71,1
266.67,1
266.67,1
0.0,0
222.22,1
0.0,0
222.22,1
0.0,0
0.0,0
0.0,0
0.0,0
0.0,0
0.0,0
0.0,0
0.0,0
0.0,0
0.0,0
0.0,0
0.0,0
0.0,0
0.0,0
0.0,0
0.0,0
0.0,0
0.0,0
0.0,0
0.0,0
0.0,0
0.0,0
0.0,0
0.0,0
0.0,0
0.0,0
0.0,0
0.0,0
0.0,0
0.0,0
0.0,0
0.0,0
0.0,0
0.0,0
0.0,0
0.0,0
0.0,0
0.0,0
0.0,0
0.0,0
0.0,0
0.0,0
0.0,0
0.0,0
0.0,0
0.0,0
0.0,0
0.0,0
0.0,0
0.0,0
0.0,0
0.0,0
0.0,0
0.0,0
0.0,0
0.0,0
0.0,0
0.0,0
0.0,0
0.0,0
0.0,0
0.0,0
0.0,0
0.0,0
0.0,0
0.0,0
0.0,0
0.0,0
0.0,0
0.0,0
0.0,0
0.0,0
0.0,0
0.0,0
0.0,0
0.0,0
210.53,1
0.0,0
0.0,0
0.0,0
0.0,0
0.0,0
0.0,0
0.0,0
0.0,0
0.0,0
0.0,0
0.0,0
0.0,0
0.0,0
0.0,0
0.0,0
0.0,0
0.0,0
0.0,0
0.0,0
